iter	Logloss
0	0.6026770905
1	0.5762625145
