iter	Logloss
0	0.3035007886
1	0.1833666733
