iter	Logloss
0	0.2240295057
1	0.0915378288
