iter	Logloss
0	0.6719364439
1	0.6581984247
