iter	Logloss
0	0.3383189269
1	0.2391725949
