iter	Logloss
0	0.6131608146
1	0.5372794696
