iter	Logloss
0	0.3131188189
1	0.1733912896
